Biome,Biome_num,Realm,RB_tnc,n_studies,n_sites,n_ecoregions,n_country,t_ecoregions,p_ecoregions
Tropical & Subtropical Moist Broadleaf Forests,1,Australasia,AA1,15,178,5,4,28,0.18
Tropical & Subtropical Moist Broadleaf Forests,1,Afrotropic,AT1,44,2081,19,15,30,0.63
Tropical & Subtropical Moist Broadleaf Forests,1,Indo-Malay,IM1,63,1781,22,11,72,0.31
Tropical & Subtropical Moist Broadleaf Forests,1,Neotropic,NT1,118,2274,46,17,81,0.57
Tropical & Subtropical Moist Broadleaf Forests,1,Oceania,OC1,4,263,3,3,17,0.18
Tropical & Subtropical Moist Broadleaf Forests,1,Palearctic,PA1,0,0,0,0,2,0
Tropical & Subtropical Dry Broadleaf Forests,2,Australasia,AA2,0,0,0,0,4,0
Tropical & Subtropical Dry Broadleaf Forests,2,Afrotropic,AT2,2,44,1,1,3,0.33
Tropical & Subtropical Dry Broadleaf Forests,2,Indo-Malay,IM2,3,90,1,1,12,0.08
Tropical & Subtropical Dry Broadleaf Forests,2,Nearctic,NA2,0,0,0,0,1,0
Tropical & Subtropical Dry Broadleaf Forests,2,Neotropic,NT2,16,236,10,8,31,0.32
Tropical & Subtropical Dry Broadleaf Forests,2,Oceania,OC2,1,44,1,1,4,0.25
Tropical & Subtropical Coniferous Forests,3,Indo-Malay,IM3,2,43,1,2,4,0.25
Tropical & Subtropical Coniferous Forests,3,Nearctic,NA3,1,1,1,1,3,0.33
Tropical & Subtropical Coniferous Forests,3,Neotropic,NT3,4,322,2,2,10,0.2
Temperate Broadleaf & Mixed Forests,4,Australasia,AA4,16,336,6,2,14,0.43
Temperate Broadleaf & Mixed Forests,4,Indo-Malay,IM4,3,74,2,1,3,0.67
Temperate Broadleaf & Mixed Forests,4,Nearctic,NA4,24,856,13,2,21,0.62
Temperate Broadleaf & Mixed Forests,4,Neotropic,NT4,16,577,2,2,4,0.5
Temperate Broadleaf & Mixed Forests,4,Palearctic,PA4,131,3986,23,22,46,0.5
Temperate Conifer Forests,5,Indo-Malay,IM5,1,1,1,1,2,0.5
Temperate Conifer Forests,5,Nearctic,NA5,2,128,2,2,25,0.08
Temperate Conifer Forests,5,Palearctic,PA5,12,279,6,9,21,0.29
Boreal Forests/Taiga,6,Nearctic,NA6,16,687,4,1,11,0.36
Boreal Forests/Taiga,6,Palearctic,PA6,8,134,1,3,11,0.09
"Tropical & Subtropical Grasslands, Savannas & Shrublands",7,Australasia,AA7,13,502,4,1,9,0.44
"Tropical & Subtropical Grasslands, Savannas & Shrublands",7,Afrotropic,AT7,26,1663,7,7,26,0.27
"Tropical & Subtropical Grasslands, Savannas & Shrublands",7,Indo-Malay,IM7,0,0,0,0,1,0
"Tropical & Subtropical Grasslands, Savannas & Shrublands",7,Nearctic,NA7,0,0,0,0,1,0
"Tropical & Subtropical Grasslands, Savannas & Shrublands",7,Neotropic,NT7,16,190,3,4,8,0.38
"Tropical & Subtropical Grasslands, Savannas & Shrublands",7,Oceania,OC7,0,0,0,0,3,0
"Temperate Grasslands, Savannas & Shrublands",8,Australasia,AA8,11,503,2,2,3,0.67
"Temperate Grasslands, Savannas & Shrublands",8,Afrotropic,AT8,0,0,0,0,3,0
"Temperate Grasslands, Savannas & Shrublands",8,Nearctic,NA8,5,83,3,2,12,0.25
"Temperate Grasslands, Savannas & Shrublands",8,Neotropic,NT8,7,796,3,1,4,0.75
"Temperate Grasslands, Savannas & Shrublands",8,Palearctic,PA8,0,0,0,0,18,0
Flooded Grasslands & Savannas,9,Afrotropic,AT9,0,0,0,0,8,0
Flooded Grasslands & Savannas,9,Indo-Malay,IM9,0,0,0,0,1,0
Flooded Grasslands & Savannas,9,Neotropic,NT9,1,12,1,1,9,0.11
Flooded Grasslands & Savannas,9,Palearctic,PA9,0,0,0,0,8,0
Montane Grasslands & Shrublands,10,Australasia,AA10,7,461,1,1,3,0.33
Montane Grasslands & Shrublands,10,Afrotropic,AT10,13,395,5,3,15,0.33
Montane Grasslands & Shrublands,10,Indo-Malay,IM10,2,22,1,1,1,1
Montane Grasslands & Shrublands,10,Neotropic,NT10,2,2,1,1,9,0.11
Montane Grasslands & Shrublands,10,Palearctic,PA10,4,54,3,3,22,0.14
Tundra,11,Australasia,AA11,0,0,0,0,1,0
Tundra,11,Antarctica,AN11,0,0,0,0,4,0
Tundra,11,Nearctic,NA11,0,0,0,0,11,0
Tundra,11,Palearctic,PA11,4,24,3,2,14,0.21
"Mediterranean Forests, Woodlands & Scrub",12,Australasia,AA12,4,140,2,1,10,0.2
"Mediterranean Forests, Woodlands & Scrub",12,Afrotropic,AT12,3,52,2,1,3,0.67
"Mediterranean Forests, Woodlands & Scrub",12,Nearctic,NA12,2,20,1,1,3,0.33
"Mediterranean Forests, Woodlands & Scrub",12,Neotropic,NT12,1,8,1,1,1,1
"Mediterranean Forests, Woodlands & Scrub",12,Palearctic,PA12,39,1624,13,9,22,0.59
Deserts & Xeric Shrublands,13,Australasia,AA13,1,30,2,1,10,0.2
Deserts & Xeric Shrublands,13,Afrotropic,AT13,8,117,4,3,20,0.2
Deserts & Xeric Shrublands,13,Indo-Malay,IM13,0,0,0,0,4,0
Deserts & Xeric Shrublands,13,Nearctic,NA13,2,16,2,2,13,0.15
Deserts & Xeric Shrublands,13,Neotropic,NT13,3,18,2,2,15,0.13
Deserts & Xeric Shrublands,13,Palearctic,PA13,3,71,3,2,33,0.09
Mangroves,14,Australasia,AA14,0,0,0,0,1,0
Mangroves,14,Afrotropic,AT14,0,0,0,0,5,0
Mangroves,14,Indo-Malay,IM14,0,0,0,0,6,0
Mangroves,14,Neotropic,NT14,7,30,4,5,7,0.57